<?xml version="1.0" encoding="UTF-8" standalone="yes"?>
<rest-connector xmlns="http://www.softwareag.com/cloudstreams/metadata/handler/model" id="com.softwareag.cloudstreams.meistertask_v1" version="1.0" group="MeisterTask" name="MeisterTask" displayName="MeisterTask">
    <connections>
        <connection type="sagcloud" name="SAG_Connection" displayName="SAG_Connection">
            <groups>
                <group type="connection" name="connection" displayName="Connection">
                    <description>Define the required connection configurations to initiate communication with the SaaS provider.</description>
                    <fields>
                        <field isRequired="true" isEncrypted="false" isHidden="false" isArray="false" defaultValue="https://www.meistertask.com/api" name="cn.providerUrl" displayName="Server URL">
                            <description>The native provider endpoint target for the connection configuration</description>
                        </field>
                    </fields>
                </group>
                <group type="custom" name="custom" displayName="Custom">
                    <description>Define any custom configurations specific to the SaaS provider.</description>
                    <fields>
                        <field type="string" isRequired="true" isEncrypted="false" isHidden="false" isArray="false" modelType="Basic" name="cx.Authorization" displayName="Authorization"/>
                    </fields>
                </group>
            </groups>
        </connection>
    </connections>
    <services>
        <service xmlns:xsi="http://www.w3.org/2001/XMLSchema-instance" xsi:type="RESTServiceType" endpoint="${cn.providerUrl}" name="default_resourcegroup" displayName="Default_ResourceGroup">
            <documentModel packageName="." nsName="com.softwareag.cloudstreams.meistertask_v1.default_resourcegroup.doctypes" useInlineModel="true"/>
            <resources>
                <mappings>
                    <map isRequired="true" context="IN" name="Authorization" displayName="Authorization">
                        <source type="IDATA">cx.Authorization</source>
                        <target type="HEADER">Authorization</target>
                    </map>
                </mappings>
                <resource method="GET" path="/projects" type="SIMPLE" name="getprojects" displayName="projects">
                    <description>get all projects from meisterTask</description>
                    <mappings/>
                    <parameters/>
                    <request name="empty" messageFormatterType="application/xml" builderType="application/octet+idataoref" documentRef="com.softwareag.cloudstreams.meistertask_v1.default_resourcegroup.doctypes.projects.getAllProjects:empty" excludeRoot="true" dimension="0"/>
                    <responses>
                        <response name="getAllProjects_Success" code="200" messageFormatterType="application/octet+idataoref" builderType="application/json" documentRef="com.softwareag.cloudstreams.meistertask_v1.default_resourcegroup.doctypes.projects.getAllProjects:getAllProjects_Success" excludeRoot="true" dimension="0"/>
                        <response name="getAllProjects_Unauthorized" code="401" messageFormatterType="application/octet+idataoref" builderType="application/json" documentRef="com.softwareag.cloudstreams.meistertask_v1.default_resourcegroup.doctypes.projects.getAllProjects:getAllProjects_Unauthorized" excludeRoot="true" dimension="0"/>
                    </responses>
                </resource>
                <resource method="POST" path="/projects" type="SIMPLE" name="postprojects" displayName="projects">
                    <description>create projects in MeisterTask</description>
                    <mappings>
                        <map context="IN" name="Content-Type">
                            <source type="LITERAL">application/json</source>
                            <target type="HEADER">Content-Type</target>
                        </map>
                    </mappings>
                    <parameters>
                        <parameter name="name" isRequired="true" style="QUERYSTRING_PARAM"/>
                        <parameter name="notes" style="QUERYSTRING_PARAM"/>
                    </parameters>
                    <request name="empty" messageFormatterType="application/json" builderType="application/octet+idataoref" documentRef="com.softwareag.cloudstreams.meistertask_v1.default_resourcegroup.doctypes.projects.createProjects:empty" excludeRoot="true" dimension="0"/>
                    <responses>
                        <response name="createProjects_success" code="200" messageFormatterType="application/octet+idataoref" builderType="application/json" documentRef="com.softwareag.cloudstreams.meistertask_v1.default_resourcegroup.doctypes.projects.createProjects:createProjects_success" excludeRoot="true" dimension="0"/>
                        <response name="createProjectsRes_BadRequest" code="400" messageFormatterType="application/octet+idataoref" builderType="application/json" documentRef="com.softwareag.cloudstreams.meistertask_v1.default_resourcegroup.doctypes.projects.createProjects:createProjectsRes_BadRequest" excludeRoot="true" dimension="0"/>
                    </responses>
                </resource>
                <resource method="PUT" path="/projects" type="SIMPLE" name="putprojects" displayName="projects">
                    <mappings>
                        <map context="IN" name="Content-Type">
                            <source type="LITERAL">application/json</source>
                            <target type="HEADER">Content-Type</target>
                        </map>
                    </mappings>
                    <parameters/>
                    <request name="updateProjects_Request" messageFormatterType="application/json" builderType="application/octet+idataoref" documentRef="com.softwareag.cloudstreams.meistertask_v1.default_resourcegroup.doctypes.projects.updateProjects:updateProjects_Request" excludeRoot="true" dimension="0"/>
                    <responses>
                        <response name="updateProjects_success" code="200" messageFormatterType="application/octet+idataoref" builderType="application/json" documentRef="com.softwareag.cloudstreams.meistertask_v1.default_resourcegroup.doctypes.projects.updateProjects:updateProjects_success" excludeRoot="true" dimension="0"/>
                        <response name="updateProjects_error" code="400-405" messageFormatterType="application/octet+idataoref" builderType="application/json" documentRef="com.softwareag.cloudstreams.meistertask_v1.default_resourcegroup.doctypes.projects.updateProjects:updateProjects_error" excludeRoot="true" dimension="0"/>
                    </responses>
                </resource>
            </resources>
        </service>
    </services>
</rest-connector>
